তারিখ ও সময় (Date & Time),কাস্টমারের নাম (Customer Name),ফোন নম্বর (Phone Number),ডেলিভারি ঠিকানা (Delivery Address),পণ্য (Product Name),পরিমাণ (Quantity),মোট টাকা (Total Amount BDT),পেমেন্ট স্ট্যাটাস (Payment Status)
2026-09-17 07:05 PM,Abir Hasan,01811223344,Sylhet Sadar,Cotton T-Shirt,1,450,পেন্ডিং (ক্যাশ অন ডেলিভারি)
2026-09-19 11:01 AM,,01712345678,মিরপুর ১০,স্লিম ফিট ডেনিম জিন্স,1,1850,পেন্ডিং (ক্যাশ অন ডেলিভারি)
2026-09-19 11:02 AM,তানভীর,01712345678,মিরপুর ১০,ফরমাল পাঞ্জাবি,1,2200,পেন্ডিং (ক্যাশ অন ডেলিভারি)
2026-09-19 11:22 AM,আবু হুরায়রা,01869171818,আস সুন্নাহ স্কিল ডেভেলপমেন্ট ইন্সটিটিউট কাজিবাড়ি সাতারকুল উওর বাড্ডা,Formal Punjabi,1,2200,পেন্ডিং (ক্যাশ অন ডেলিভারি)
2026-09-19 11:24 AM,আবু হুরায়রা,০১৮৬৯১৭১৮১৮,আস সুন্নাহ স্কিল ডেভেলপমেন্ট ইন্সটিটিউট কাজিবাড়ি সাতারকুল উওর বাড্ডা,Formal Punjabi,1,2200,পেন্ডিং (ক্যাশ অন ডেলিভারি)
2026-09-19 11:25 AM,আবু হুরায়রা,01869171818,আস সুন্নাহ স্কিল ডেভেলপমেন্ট ইন্সটিটিউট কাজিবাড়ি সাতারকুল উওর বাড্ডা,Formal Punjabi,1,2200,পেন্ডিং (ক্যাশ অন ডেলিভারি)
2026-09-19 11:26 AM,আবু হুরায়রা,01869171818,আস সুন্নাহ স্কিল ডেভেলপমেন্ট ইন্সটিটিউট কাজিবাড়ি সাতারকুল উওর বাড্ডা,Formal Punjabi,1,2200,পেন্ডিং (ক্যাশ অন ডেলিভারি)
2026-09-19 11:26 AM,Abir Hasan,01811223344,Sylhet Sadar,Casual Polo Shirt,1,850,পেন্ডিং (ক্যাশ অন ডেলিভারি)
2026-09-19 11:30 AM,Abir Hasan,01811223344,Sylhet Sadar,Shirt,1,450,পেন্ডিং (ক্যাশ অন ডেলিভারি)
